cluster_id,n_cells,area_km2,centroid_lat,centroid_lon,mean_ba,max_ba,mean_ratio,pct_genuine_ors,dominant_period,dominant_formation
332,3046,761.5,53.14548238580168,-1.6705996136753736,5945.0547,49180.312,83.59772,0.0,CARBONIFEROUS,DINANTIAN ROCKS (UNDIFFERENTIATED)
238,1359,339.75,54.935458181799056,-1.5329543293106764,2340.7102,4218.1553,28.376463,0.0,CARBONIFEROUS,PENNINE MIDDLE COAL MEASURES FORMATION AND SOUTH WALES MIDDLE COAL MEASURES FORMATION (UNDIFFERENTIATED)
312,1308,327.0,53.870949254467725,-1.4031261642529225,4990.9414,21016.395,77.316605,0.0,PERMIAN,ZECHSTEIN GROUP
354,1293,323.25,53.00798219508782,-2.6815280870255376,2929.192,12056.6,39.451717,0.0,TRIASSIC,TRIASSIC ROCKS (UNDIFFERENTIATED)
301,1197,299.25,54.395760518337035,-1.9116647559141344,2971.4507,7817.4463,44.686134,0.0,CARBONIFEROUS,YOREDALE GROUP
144,976,244.0,56.36138207382764,-5.413537368846684,1283.5914,2137.7305,21.831343,1.0245901639344261,SILURIAN,"UNNAMED EXTRUSIVE ROCKS, SILURIAN TO DEVONIAN"
3,812,203.0,58.51986758659718,-4.89811122612034,1263.1901,2279.8638,17.55047,0.0,CAMBRIAN,LEWISIAN COMPLEX
213,680,170.0,55.495309704891994,-4.146648165297096,1628.1356,4004.9336,24.120916,12.647058823529411,CARBONIFEROUS,INVERCLYDE GROUP
346,645,161.25,53.13559695033398,-1.2172052655971064,1473.7169,2197.229,20.201962,0.0,PERMIAN,TRIASSIC ROCKS (UNDIFFERENTIATED)
310,636,159.0,54.10217322754555,-1.9736281108378635,2639.5044,7948.837,38.869778,0.0,CARBONIFEROUS,MILLSTONE GRIT GROUP [SEE ALSO MIGR]
66,572,143.0,57.22419117684756,-5.762787705404361,1489.4779,3489.3582,21.387238,0.0,CAMBRIAN,SLEAT GROUP
379,482,120.5,52.65396142612806,-2.836384161497759,2476.7698,5737.836,28.248756,0.0,CARBONIFEROUS,WARWICKSHIRE GROUP
405,471,117.75,51.43943634868486,-2.7462741310421137,1388.3081,1654.0717,16.477938,6.1571125265392785,TRIASSIC,TRIASSIC ROCKS (UNDIFFERENTIATED)
355,390,97.5,53.09542311049428,-2.2594445177440208,1934.0929,4691.1685,29.960663,0.0,TRIASSIC,TRIASSIC ROCKS (UNDIFFERENTIATED)
404,385,96.25,51.49653384838319,-3.5285812849612626,2485.9495,6219.482,31.623037,0.0,TRIASSIC,DINANTIAN ROCKS (UNDIFFERENTIATED)
269,364,91.0,54.72649059595504,-3.116090490486917,2305.5327,4206.4097,24.345982,0.0,CARBONIFEROUS,DINANTIAN ROCKS (UNDIFFERENTIATED)
44,321,80.25,57.487230976535756,-3.9605941794954203,1430.8871,1824.4149,16.604609,22.741433021806852,DEVONIAN,MOINE SUPERGROUP
334,319,79.75,53.30985818089573,-2.228132196959547,3822.3472,7540.3384,55.387363,0.0,TRIASSIC,TRIASSIC ROCKS (UNDIFFERENTIATED)
371,295,73.75,52.834315594231775,-1.5142191035455477,2697.8027,3775.0933,32.38415,0.0,TRIASSIC,TRIASSIC ROCKS (UNDIFFERENTIATED)
198,273,68.25,55.72875162473354,-3.5294402536995015,1820.0703,3996.6602,36.17188,0.3663003663003663,CARBONIFEROUS,INVERCLYDE GROUP
27,253,63.25,57.96323354285205,-4.383298810338381,1616.5538,2366.6377,17.473358,0.0,SILURIAN,MORAR GROUP
276,251,62.75,54.656596342765546,-2.499711365461379,2557.105,4220.645,29.69058,0.0,CARBONIFEROUS,YOREDALE GROUP
143,245,61.25,56.444877116846875,-5.09953104007929,1184.4241,1464.8047,19.584732,0.0,SILURIAN,"UNNAMED IGNEOUS INTRUSION, LATE SILURIAN TO EARLY DEVONIAN"
187,243,60.75,55.81687785353267,-4.745126824434116,2251.5261,4252.086,28.19588,0.0,CARBONIFEROUS,"UNNAMED EXTRUSIVE ROCKS, DINANTIAN"
337,231,57.75,53.27242498410765,-1.3008475580306935,1463.0509,1619.2781,20.203472,0.0,CARBONIFEROUS,PENNINE MIDDLE COAL MEASURES FORMATION AND SOUTH WALES MIDDLE COAL MEASURES FORMATION (UNDIFFERENTIATED)
383,206,51.5,52.56789955928737,-2.9973251709682818,3104.42,10175.894,34.014206,0.0,ORDOVICIAN,LLANVIRN ROCKS (UNDIFFERENTIATED)
273,202,50.5,54.668917546910485,-2.2672175628223874,2208.9006,4337.566,29.144371,0.0,CARBONIFEROUS,YOREDALE GROUP
9,202,50.5,58.42899642270372,-4.359447338429062,1856.3804,3232.4194,22.692272,1.4851485148514851,ORDOVICIAN,LEWISIAN COMPLEX
267,186,46.5,54.7397282409621,-1.3835032280005548,1359.7595,1933.1033,18.950588,0.0,PERMIAN,ZECHSTEIN GROUP
280,181,45.25,54.496779114168746,-7.042924051214,1366.2191,2017.1125,23.9186,64.64088397790056,DEVONIAN,FINTONA GROUP
253,178,44.5,54.74309967754722,-6.694146251067795,1333.4116,1845.9087,19.187557,0.0,CARBONIFEROUS,TYRONE GROUP
162,177,44.25,56.175719528972756,-3.853790384579137,1595.2618,2419.3862,23.081251,29.943502824858758,SILURIAN,"UNNAMED EXTRUSIVE ROCKS, SILURIAN TO DEVONIAN"
294,171,42.75,54.442446612726485,-7.277460912972728,1610.325,2946.9106,22.262897,71.34502923976608,DEVONIAN,FINTONA GROUP
15,170,42.5,58.33010339001024,-3.26362063950672,1452.957,1577.241,18.221195,98.23529411764706,DEVONIAN,MIDDLE OLD RED SANDSTONE (UNDIFFERENTIATED)
81,170,42.5,57.05968206403852,-5.958667326402832,1407.4033,1873.6705,30.35023,0.0,UNDIFF,MESOPROTEROZOIC ROCKS (UNDIFFERENTIATED)
362,167,41.75,52.93152098186199,-2.448240420737398,2287.922,3420.0835,29.295132,0.0,TRIASSIC,TRIASSIC ROCKS (UNDIFFERENTIATED)
178,166,41.5,55.92721123672688,-3.055699412578067,1195.5602,1265.7261,21.376925,0.0,CARBONIFEROUS,SCOTTISH COAL MEASURES GROUP
131,164,41.0,56.55597773264178,-5.691975763059915,1309.5514,1720.5258,17.539637,0.0,SILURIAN,GLENFINNAN GROUP
256,158,39.5,54.692655965697654,-7.447505721430095,1535.6748,1877.7094,16.710869,0.0,CARBONIFEROUS,ARGYLL GROUP
307,156,39.0,54.22731598833489,-1.4423139097875186,2255.9775,3654.1418,23.843414,0.0,TRIASSIC,TRIASSIC ROCKS (UNDIFFERENTIATED)
403,155,38.75,51.5335663908035,-3.2176749495623675,1376.4573,1584.9274,16.88889,47.74193548387097,DEVONIAN,LOWER DEVONIAN ROCKS (UNDIFFERENTIATED)
297,147,36.75,54.530433407656055,-2.2835469564263544,1633.1726,2521.821,21.13723,0.0,CARBONIFEROUS,YOREDALE GROUP
7,145,36.25,58.49731394817261,-4.522622928285343,1155.4944,1288.9637,15.589369,0.0,NONE,MORAR GROUP
316,142,35.5,53.906756685709105,-2.0360529636488423,1375.6519,1981.6282,18.737558,0.0,CARBONIFEROUS,MILLSTONE GRIT GROUP [SEE ALSO MIGR]
380,142,35.5,52.65667656456222,-2.4029299826433723,1799.5519,1921.7239,22.864254,0.0,CARBONIFEROUS,WARWICKSHIRE GROUP
290,141,35.25,54.5952691533785,-2.182184483356231,2073.215,4405.383,22.293194,0.0,CARBONIFEROUS,YOREDALE GROUP
392,140,35.0,51.9597583350499,-4.624664870195779,1930.0319,2908.4353,19.303934,0.0,ORDOVICIAN,ASHGILL ROCKS (UNDIFFERENTIATED)
239,139,34.75,54.998957462825516,-2.0977426180049386,2114.3025,2635.5767,32.779305,0.0,CARBONIFEROUS,YOREDALE GROUP
395,138,34.5,51.83982429101932,-5.009247979258932,2285.3533,4009.1194,23.421276,0.0,ORDOVICIAN,CARADOC ROCKS (UNDIFFERENTIATED)
221,137,34.25,55.393198103294964,-4.678185747959673,1460.5874,2205.3044,21.07362,63.503649635036496,SILURIAN,LANARK GROUP
140,136,34.0,56.483783821757264,-5.350423925088413,1527.2582,2417.971,19.878738,1.4705882352941175,SILURIAN,"UNNAMED EXTRUSIVE ROCKS, SILURIAN TO DEVONIAN"
169,133,33.25,56.11750288615304,-3.28796486479514,1223.8066,1469.7272,22.231,0.0,CARBONIFEROUS,CLACKMANNAN GROUP
396,132,33.0,51.84162403243775,-4.797945903147454,1959.036,2689.7722,17.875538,0.0,ORDOVICIAN,ASHGILL ROCKS (UNDIFFERENTIATED)
104,132,33.0,56.74461569107916,-4.648881382326194,1110.2838,1226.1472,19.60958,0.0,SILURIAN,"UNNAMED IGNEOUS INTRUSION, LATE SILURIAN TO EARLY DEVONIAN"
98,130,32.5,56.913000315101634,-4.703815953997166,1458.3225,1769.3933,18.783173,0.0,SILURIAN,"UNNAMED IGNEOUS INTRUSION, LATE SILURIAN TO EARLY DEVONIAN"
130,130,32.5,56.60611050193017,-4.755542925714629,1098.7595,1207.4011,19.565321,0.0,SILURIAN,"UNNAMED IGNEOUS INTRUSION, LATE SILURIAN TO EARLY DEVONIAN"
394,128,32.0,51.89089376657859,-4.599578764538833,2034.3112,2908.9937,17.59798,0.0,ORDOVICIAN,LLANVIRN ROCKS (UNDIFFERENTIATED)
277,127,31.75,54.66139841058332,-1.5857084414229932,1150.4843,1294.1703,15.920801,0.0,PERMIAN,ZECHSTEIN GROUP
58,127,31.75,57.40698508641199,-3.7349251414826656,1344.0321,1517.0933,14.938174,0.0,ORDOVICIAN,MOINE SUPERGROUP
406,123,30.75,51.21119088949013,-2.4231718218155343,1253.0,1407.1646,16.39483,15.447154471544716,CARBONIFEROUS,DINANTIAN ROCKS (UNDIFFERENTIATED)
207,123,30.75,55.667443345969176,-3.6778361226336354,1383.9475,1459.4783,28.44652,7.317073170731707,CARBONIFEROUS,STRATHCLYDE GROUP
107,122,30.5,56.72595911974924,-5.564411703637155,1681.4235,2983.4119,23.2664,0.0,SILURIAN,"UNNAMED IGNEOUS INTRUSION, LATE SILURIAN TO EARLY DEVONIAN"
114,120,30.0,56.67657058759534,-4.526179814205589,1153.2079,1287.4883,22.331255,0.0,SILURIAN,"UNNAMED IGNEOUS INTRUSION, LATE SILURIAN TO EARLY DEVONIAN"
372,120,30.0,52.82099325663891,-3.796434980963231,1620.8031,2470.9075,18.448908,0.0,ORDOVICIAN,"UNNAMED EXTRUSIVE ROCKS, ORDOVICIAN"
338,119,29.75,53.27217395287394,-3.3750373727617915,1740.3346,1851.2681,20.394766,0.0,CARBONIFEROUS,DINANTIAN ROCKS (UNDIFFERENTIATED)
348,119,29.75,53.191263802340266,-2.698602285468326,1479.2155,1808.9292,19.480577,0.0,TRIASSIC,TRIASSIC ROCKS (UNDIFFERENTIATED)
376,116,29.0,52.75452536659941,-1.9897548892443306,1095.2589,1200.3209,17.213648,0.0,TRIASSIC,TRIASSIC ROCKS (UNDIFFERENTIATED)
262,115,28.75,54.7833772603295,-2.578042324009522,2212.479,3978.677,24.36928,0.0,CARBONIFEROUS,YOREDALE GROUP
242,114,28.5,54.95807686511773,-1.8941374762224144,1380.0122,1621.4031,19.656305,0.0,CARBONIFEROUS,PENNINE LOWER COAL MEASURES FORMATION AND SOUTH WALES LOWER COAL MEASURES FORMATION (UNDIFFERENTIATED)
333,114,28.5,53.33933272012156,-1.538056189335237,1246.7208,1686.1277,17.690388,0.0,CARBONIFEROUS,PENNINE LOWER COAL MEASURES FORMATION AND SOUTH WALES LOWER COAL MEASURES FORMATION (UNDIFFERENTIATED)
54,112,28.0,57.39436277620836,-5.782980410598712,1661.2872,2083.2617,19.223736,0.0,TRIASSIC,TORRIDON GROUP
1,110,27.5,60.28228099203851,-1.5566668716373417,1288.7815,1670.5446,18.68863,84.54545454545455,DEVONIAN,MIDDLE OLD RED SANDSTONE (UNDIFFERENTIATED)
148,109,27.25,56.41319313670136,-2.838488328326063,1811.7249,2511.267,37.032608,94.4954128440367,DEVONIAN,ARBUTHNOTT-GARVOCK GROUP
63,107,26.75,57.415709161467966,-2.293752672804425,1333.8915,1454.0657,15.608453,0.0,ORDOVICIAN,SOUTHERN HIGHLAND GROUP
407,107,26.75,51.21251120644762,-3.5436309783281867,1543.6086,1876.7527,22.39328,57.009345794392516,DEVONIAN,MIDDLE DEVONIAN (UNDIFFERENTIATED)
201,103,25.75,55.67572149380154,-6.206702815022983,1447.2239,2390.95,24.064014,0.0,NONE,APPIN GROUP
357,102,25.5,53.088792832939994,-3.066402992461748,1528.994,1580.1952,23.085289,0.0,CARBONIFEROUS,MILLSTONE GRIT GROUP [SEE ALSO MIGR]
168,100,25.0,56.04564307900003,-6.227600599361626,1117.5513,1147.7545,17.894533,0.0,SILURIAN,"UNNAMED METASEDIMENTARY ROCKS, NEOPROTEROZOIC"
302,99,24.75,54.4653212050593,-2.332816007476213,1512.7064,1957.5707,25.250546,0.0,CARBONIFEROUS,DINANTIAN ROCKS (UNDIFFERENTIATED)
135,94,23.5,56.57334352196382,-5.570504939232368,2116.2024,2740.1252,18.292255,0.0,SILURIAN,"UNNAMED IGNEOUS INTRUSION, LATE SILURIAN TO EARLY DEVONIAN"
241,93,23.25,54.982720356891434,-2.2759037969536995,1941.6418,2605.557,28.425802,0.0,CARBONIFEROUS,YOREDALE GROUP
391,91,22.75,52.11606918603574,-3.6264286563264894,2230.444,2841.3945,18.037634,0.0,ORDOVICIAN,CARADOC ROCKS (UNDIFFERENTIATED)
306,91,22.75,54.30525352664808,-2.022361659452228,1661.4897,2352.0142,28.03274,0.0,CARBONIFEROUS,YOREDALE GROUP
26,90,22.5,58.000402399964564,-4.50488630543998,1315.255,1463.6912,15.457828,0.0,SILURIAN,MORAR GROUP
237,90,22.5,55.12886680758029,-2.9683826944685077,1492.9095,2176.9822,17.251253,0.0,CARBONIFEROUS,INVERCLYDE GROUP
240,85,21.25,54.890274829421706,-6.773302749383103,1406.6832,2008.7859,18.849026,0.0,PALAEOGENE,ARGYLL GROUP
402,84,21.0,51.591289674140256,-3.1305212520626733,2168.12,2751.811,26.097572,23.809523809523807,CARBONIFEROUS,SOUTH WALES UPPER COAL MEASURES FORMATION
103,82,20.5,56.75786479815549,-4.228396396700706,1236.2032,1494.4177,15.41549,0.0,NONE,GRAMPIAN GROUP
35,82,20.5,57.514173639310194,-5.767330479224965,1498.4607,1793.0105,17.007893,0.0,NONE,TORRIDON GROUP
356,82,20.5,53.130958795106416,-1.8386939481498155,3344.439,3499.7815,38.21544,0.0,CARBONIFEROUS,BOWLAND HIGH GROUP AND CRAVEN GROUP (UNDIFFERENTIATED)
121,81,20.25,56.67908345836452,-3.5548799919609535,1322.8809,1660.217,16.353909,0.0,NONE,SOUTHERN HIGHLAND GROUP
134,80,20.0,56.632338892391225,-2.5266972466163007,1144.5406,1292.9105,15.442474,77.5,DEVONIAN,ARBUTHNOTT-GARVOCK GROUP
212,77,19.25,55.574649974885745,-3.961193502141654,1828.9669,3118.1401,25.579346,24.675324675324674,SILURIAN,SILURIAN ROCKS (UNDIFFERENTIATED)
246,76,19.0,54.794793923418986,-7.230470175338612,1483.1976,1642.8295,18.397306,0.0,NONE,ARGYLL GROUP
217,76,19.0,55.49175193628711,-4.325761409211424,1138.5181,1261.2632,18.212336,0.0,CARBONIFEROUS,SCOTTISH COAL MEASURES GROUP
100,75,18.75,56.7537932958678,-5.967761127772509,1249.3477,1403.7675,16.249876,0.0,PALAEOGENE,MORAR GROUP
358,74,18.5,52.95870007964006,-1.3513794725238566,1602.4857,1907.7542,18.327326,0.0,CARBONIFEROUS,PENNINE LOWER COAL MEASURES FORMATION AND SOUTH WALES LOWER COAL MEASURES FORMATION (UNDIFFERENTIATED)
17,73,18.25,58.29654993502859,-3.9929422617975807,1095.422,1129.9059,15.310265,10.95890410958904,ORDOVICIAN,"UNNAMED IGNEOUS INTRUSION, ORDOVICIAN TO SILURIAN"
122,73,18.25,56.65531030338311,-4.9698630400698125,1186.9899,1272.9604,15.308062,0.0,SILURIAN,"UNNAMED EXTRUSIVE ROCKS, SILURIAN TO DEVONIAN"
349,73,18.25,53.17768504848936,-3.319159947822099,2134.0308,2974.9158,25.3482,0.0,PERMIAN,PERMIAN ROCKS (UNDIFFERENTIATED)
40,72,18.0,57.54198694070707,-3.185395184648798,2065.7812,2471.7698,16.531387,16.666666666666664,DEVONIAN,GRAMPIAN GROUP
205,71,17.75,55.68942286368123,-4.8359635452399115,1392.3302,1746.7123,19.667898,78.87323943661971,DEVONIAN,STRATHEDEN GROUP
117,69,17.25,56.63569958954645,-5.697869711524239,1213.7954,1280.1625,17.790064,0.0,NONE,GLENFINNAN GROUP
38,69,17.25,57.466301499202906,-6.0211211694772295,1374.9723,1476.3511,24.27518,0.0,NONE,LEWISIAN COMPLEX
142,68,17.0,56.475847897331676,-5.2107514752552415,1099.3168,1257.4545,18.19372,0.0,SILURIAN,"UNNAMED IGNEOUS INTRUSION, LATE SILURIAN TO EARLY DEVONIAN"
231,67,16.75,55.29081542194507,-1.948196228136107,1691.539,2009.602,21.15023,0.0,CARBONIFEROUS,BORDER GROUP
73,67,16.75,57.21892460700739,-5.50957892023334,1222.8966,1397.1658,17.475683,0.0,SILURIAN,"UNNAMED IGNEOUS INTRUSION, LATE SILURIAN TO EARLY DEVONIAN"
270,67,16.75,54.732880713299856,-3.349357219979609,1093.3529,1204.2156,14.968193,0.0,CARBONIFEROUS,DINANTIAN ROCKS (UNDIFFERENTIATED)
93,66,16.5,56.99964504229879,-4.246396569516946,1224.7063,1354.2537,16.188223,0.0,ORDOVICIAN,GRAMPIAN GROUP
282,66,16.5,54.489552945665395,-7.6417458687989095,1185.2815,1321.1941,17.816465,71.21212121212122,DEVONIAN,SHANMULLAGH FORMATION
369,65,16.25,52.881890023878455,-2.3524792769168865,1091.8552,1169.2043,17.27169,0.0,TRIASSIC,TRIASSIC ROCKS (UNDIFFERENTIATED)
28,64,16.0,57.66995058405799,-5.695023512349472,1140.7368,1225.6265,17.205463,0.0,NONE,LEWISIAN COMPLEX
321,62,15.5,53.692163983365454,-2.0864771379440614,1425.734,1594.952,16.487703,0.0,CARBONIFEROUS,MILLSTONE GRIT GROUP [SEE ALSO MIGR]
31,62,15.5,57.61722117708222,-5.319490142885632,1269.6382,1397.1348,20.67922,0.0,CAMBRIAN,TORRIDON GROUP
210,61,15.25,55.600154487607604,-3.6497792641012308,1199.5942,1436.2588,20.428532,29.508196721311474,SILURIAN,"UNNAMED EXTRUSIVE ROCKS, SILURIAN TO DEVONIAN"
145,61,15.25,56.4511032365937,-4.102782740106859,1883.5433,2134.8655,22.890131,0.0,SILURIAN,SOUTHERN HIGHLAND GROUP
50,60,15.0,57.49756816593791,-3.2712355724496813,1932.0886,2391.9478,15.555131,0.0,SILURIAN,GRAMPIAN GROUP
71,57,14.25,57.27342517050778,-4.4409279136232,1077.7314,1098.2661,18.065676,38.59649122807017,SILURIAN,"UNNAMED IGNEOUS INTRUSION, LATE SILURIAN TO EARLY DEVONIAN"
77,57,14.25,57.192378368243745,-4.564077874058667,1181.9302,1322.143,16.978703,0.0,SILURIAN,GRAMPIAN GROUP
258,57,14.25,54.81578737330487,-3.877008136657899,1800.3441,1876.6256,21.000526,0.0,SILURIAN,HAWICK GROUP
275,57,14.25,54.69628563993787,-1.8529011555859818,1561.837,1911.6819,15.68263,0.0,CARBONIFEROUS,YOREDALE GROUP
200,57,14.25,55.763206701555696,-3.3089302255490254,1132.0742,1202.9508,22.657284,24.561403508771928,CARBONIFEROUS,CLACKMANNAN GROUP
364,56,14.0,52.94935270062768,-1.7641159196683667,2801.6824,3200.4465,34.216553,0.0,TRIASSIC,TRIASSIC ROCKS (UNDIFFERENTIATED)
365,56,14.0,52.905920227126735,-4.010607985465734,2082.7078,2825.0544,34.50057,0.0,CAMBRIAN,MIDDLE CAMBRIAN
183,55,13.75,55.891528885092306,-4.1612536003228024,1182.3345,1399.3121,27.399075,0.0,CARBONIFEROUS,CLACKMANNAN GROUP
289,55,13.75,54.58702861134356,-3.220590782164934,2331.133,3162.1985,18.264246,0.0,ORDOVICIAN,ORDOVICIAN ROCKS (UNDIFFERENTIATED)
328,54,13.5,53.397140048662415,-0.9903707428214773,1133.7185,1330.9231,15.9121275,0.0,TRIASSIC,TRIASSIC ROCKS (UNDIFFERENTIATED)
159,54,13.5,56.22817842662726,-5.524144983155321,1254.5935,1538.1897,18.617693,0.0,SILURIAN,ARGYLL GROUP
264,53,13.25,54.67063266566539,-7.25959053376841,1814.7118,1946.331,15.054548,0.0,CARBONIFEROUS,ARGYLL GROUP
176,53,13.25,56.00722573881606,-4.4758647067086414,2108.3738,2281.175,32.32564,81.13207547169812,DEVONIAN,STRATHEDEN GROUP
60,52,13.0,57.401714824252174,-4.685854767587622,1653.4453,1742.6206,15.228374,0.0,NONE,LOCH EIL GROUP
118,52,13.0,56.668673332206794,-4.836865170437937,1894.6674,1972.7599,22.209698,0.0,SILURIAN,"UNNAMED IGNEOUS INTRUSION, LATE SILURIAN TO EARLY DEVONIAN"
352,52,13.0,53.13864294573788,-3.846943690077767,1625.1262,1877.7416,15.768057,0.0,ORDOVICIAN,CARADOC ROCKS (UNDIFFERENTIATED)
322,52,13.0,53.65291490978568,-2.5662178593057785,1308.6613,1621.9252,16.187298,0.0,CARBONIFEROUS,MILLSTONE GRIT GROUP [SEE ALSO MIGR]
216,51,12.75,55.50819661642297,-4.452518009840118,1056.6455,1112.554,21.74342,0.0,PERMIAN,STEWARTRY GROUP
339,51,12.75,53.25653634217014,-3.891541064508458,1152.371,1227.872,15.260358,0.0,ORDOVICIAN,"UNNAMED EXTRUSIVE ROCKS, ORDOVICIAN"
113,50,12.5,56.70410046312498,-4.087831873963292,1122.0901,1227.5997,15.646668,0.0,NONE,GRAMPIAN GROUP
305,50,12.5,54.33700752212267,-1.5442654695962137,1261.4999,1617.1646,16.337496,0.0,TRIASSIC,TRIASSIC ROCKS (UNDIFFERENTIATED)
184,50,12.5,55.83116119646961,-6.230871321232233,1213.8267,1545.2778,18.698967,0.0,NONE,ARGYLL GROUP
5,48,12.0,58.56089351919735,-4.7460116715056815,1168.6505,1279.6031,17.10774,0.0,CAMBRIAN,DURNESS GROUP
59,48,12.0,57.37526713718756,-5.5961730320748515,1110.9161,1294.798,19.271378,0.0,CAMBRIAN,SLEAT GROUP
342,48,12.0,53.21833411606724,-1.990849410330404,2107.958,2329.0356,23.611563,0.0,CARBONIFEROUS,MILLSTONE GRIT GROUP [SEE ALSO MIGR]
313,46,11.5,53.9800102159222,-1.8518277451203142,1169.0739,1391.7905,19.480309,0.0,CARBONIFEROUS,MILLSTONE GRIT GROUP [SEE ALSO MIGR]
331,46,11.5,53.37041471925635,-1.1016551024596075,1315.4114,1458.3625,17.384413,0.0,PERMIAN,PERMIAN ROCKS (UNDIFFERENTIATED)
370,46,11.5,52.87776197330459,-2.8446706706291676,1095.0856,1181.1531,20.781942,0.0,TRIASSIC,TRIASSIC ROCKS (UNDIFFERENTIATED)
367,46,11.5,52.89446571612618,-2.5447988467689258,1282.4634,1515.774,16.05805,0.0,TRIASSIC,TRIASSIC ROCKS (UNDIFFERENTIATED)
292,46,11.5,54.593079307405304,-2.3791637193575115,1657.4086,2178.9233,17.44589,0.0,CARBONIFEROUS,YOREDALE GROUP
195,45,11.25,55.770379094503696,-4.8350747578887585,1381.1925,1938.0248,21.248358,42.22222222222222,CARBONIFEROUS,"UNNAMED EXTRUSIVE ROCKS, DINANTIAN"
309,44,11.0,54.197819359088186,-2.09537984882091,1391.4946,1927.343,19.630388,0.0,CARBONIFEROUS,YOREDALE GROUP
244,44,11.0,54.8288284303869,-6.868411251780406,1580.5438,1819.2792,16.931934,0.0,CARBONIFEROUS,ARGYLL GROUP
164,43,10.75,56.17407756646564,-3.6813756741060786,1090.856,1180.0757,22.434305,32.55813953488372,CARBONIFEROUS,ARBUTHNOTT-GARVOCK GROUP
254,43,10.75,54.846409389339634,-2.6885452644566454,1195.0629,1293.3165,16.048037,0.0,CARBONIFEROUS,TRIASSIC ROCKS (UNDIFFERENTIATED)
260,43,10.75,54.82365248224663,-1.8060708157270322,1088.348,1216.9867,15.075294,0.0,CARBONIFEROUS,PENNINE LOWER COAL MEASURES FORMATION AND SOUTH WALES LOWER COAL MEASURES FORMATION (UNDIFFERENTIATED)
206,43,10.75,55.657783494019554,-5.171382429976486,2182.9421,2362.6643,24.588036,62.7906976744186,DEVONIAN,"UNNAMED IGNEOUS INTRUSION, PALAEOGENE"
57,42,10.5,57.3621052701948,-6.395428262634144,1112.7347,1270.1917,31.597328,0.0,PALAEOGENE,"UNNAMED EXTRUSIVE ROCKS, PALAEOGENE"
257,42,10.5,54.83652159425752,-1.8886512741660937,1292.3434,1399.1636,15.03656,0.0,CARBONIFEROUS,PENNINE LOWER COAL MEASURES FORMATION AND SOUTH WALES LOWER COAL MEASURES FORMATION (UNDIFFERENTIATED)
12,41,10.25,58.36381682822113,-5.0289069011515934,1429.2395,1645.6355,18.066347,0.0,NONE,LEWISIAN COMPLEX
384,41,10.25,52.584550491762165,-1.857619637729596,1098.6284,1153.631,15.619016,0.0,TRIASSIC,TRIASSIC ROCKS (UNDIFFERENTIATED)
186,41,10.25,55.84533076656065,-5.504421299404236,2060.37,2247.96,18.496342,0.0,NONE,ARGYLL GROUP
398,40,10.0,51.806303079332494,-3.0656186836851917,1070.2198,1124.6049,16.182335,65.0,DEVONIAN,LOWER DEVONIAN ROCKS (UNDIFFERENTIATED)
235,40,10.0,55.198634893043184,-2.03040879548066,1092.3461,1228.461,17.418554,0.0,CARBONIFEROUS,YOREDALE GROUP
234,40,10.0,55.20838473495057,-1.9196339579131536,1107.4368,1218.8445,16.530096,0.0,CARBONIFEROUS,YOREDALE GROUP
189,40,10.0,55.76544450826079,-6.077935990583399,1669.0549,2125.0918,21.249506,0.0,NONE,ARGYLL GROUP
11,39,9.75,58.43072104514979,-4.52448857065118,1126.7214,1229.8643,15.236331,0.0,NONE,MORAR GROUP
88,38,9.5,57.03280711881953,-4.500591698814577,1237.4246,1438.68,14.929178,0.0,SILURIAN,GRAMPIAN GROUP
194,38,9.5,55.770356765708705,-4.9169888908345145,1579.0758,1726.7308,23.706865,73.68421052631578,DEVONIAN,STRATHEDEN GROUP
16,38,9.5,58.31430123538651,-4.436563344473072,1261.8219,1351.5856,14.448113,0.0,NONE,MORAR GROUP
84,37,9.25,57.05663771520124,-4.403754920617854,1153.5776,1234.4541,14.68877,0.0,SILURIAN,"UNNAMED IGNEOUS INTRUSION, LATE SILURIAN TO EARLY DEVONIAN"
157,37,9.25,56.29112820570724,-3.6043019738577637,1270.8574,1339.1154,21.012743,29.72972972972973,SILURIAN,"UNNAMED EXTRUSIVE ROCKS, SILURIAN TO DEVONIAN"
177,37,9.25,55.88496492701436,-6.0723581619817635,1234.5688,1308.4601,26.875603,0.0,NONE,ARGYLL GROUP
79,37,9.25,57.21329455967005,-3.097258192488458,1085.6975,1247.3711,23.82388,0.0,ORDOVICIAN,"UNNAMED IGNEOUS INTRUSION, ORDOVICIAN TO SILURIAN"
191,36,9.0,55.836303197560895,-2.2703325756640678,1147.136,1329.2806,15.785793,47.22222222222222,SILURIAN,STRATHEDEN GROUP
125,35,8.75,56.67505769807255,-3.917374285964686,1447.8755,1639.4913,17.964493,0.0,NONE,ARGYLL GROUP
196,35,8.75,55.71611943766597,-6.088717969552113,1364.639,1491.6755,15.292585,0.0,NONE,ARGYLL GROUP
220,34,8.5,55.45096541986867,-3.7526124559551293,1580.5637,1616.0085,19.85598,0.0,ORDOVICIAN,KIRKCOLM FORMATION
109,34,8.5,56.77210194491733,-3.622174854125959,1317.2747,1383.7692,23.418898,0.0,NONE,ARGYLL GROUP
397,34,8.5,51.874806910050786,-3.7674019547397877,4567.4355,4723.7896,54.746742,76.47058823529412,DEVONIAN,LOWER DEVONIAN ROCKS (UNDIFFERENTIATED)
67,34,8.5,57.31211415040349,-5.981415623413443,1233.4155,1429.8678,17.383652,0.0,NONE,TORRIDON GROUP
90,33,8.25,56.99779607528708,-5.80802444018078,1052.5542,1111.319,15.63235,0.0,NONE,MORAR GROUP
311,33,8.25,54.15122264611735,-1.845836732256567,1391.0618,1442.4993,16.816687,0.0,CARBONIFEROUS,MILLSTONE GRIT GROUP [SEE ALSO MIGR]
13,33,8.25,58.35330829028729,-4.6240267974441185,1228.4747,1377.6064,15.313074,0.0,NONE,MORAR GROUP
29,32,8.0,57.682114888470466,-4.7268029740279935,1063.4381,1090.3502,15.119223,0.0,NONE,"UNNAMED IGNEOUS INTRUSION, NEOPROTEROZOIC"
123,32,8.0,56.67387755915654,-4.37698915702829,1066.2437,1109.39,14.73301,0.0,NONE,GRAMPIAN GROUP
32,31,7.75,57.56486980585299,-5.8028238996462305,1155.2999,1181.2999,14.688411,0.0,NONE,TORRIDON GROUP
233,31,7.75,55.22200195283819,-1.8600705413770193,1088.688,1162.7869,15.5583105,0.0,CARBONIFEROUS,YOREDALE GROUP
251,31,7.75,54.79377254235422,-6.706693122614953,1047.4159,1089.2957,17.994104,0.0,CARBONIFEROUS,TYRONE GROUP
266,31,7.75,54.66169327595636,-7.131724241103462,1122.2401,1236.1681,17.024084,0.0,ORDOVICIAN,"UNNAMED EXTRUSIVE ROCKS, ORDOVICIAN"
108,30,7.5,56.74132741725222,-5.376294389243635,1418.5139,1632.6807,15.618644,0.0,NONE,LOCH EIL GROUP
390,29,7.25,52.27953842388083,-3.4088347071202856,1832.477,2051.9197,15.3304615,0.0,ORDOVICIAN,ASHGILL ROCKS (UNDIFFERENTIATED)
303,29,7.25,54.33956533394985,-7.561751349368746,1051.8818,1078.7909,15.422604,0.0,CARBONIFEROUS,KILSKEERY GROUP
225,28,7.0,55.38026756579618,-3.7943005737885014,1912.8333,2124.2976,20.607883,0.0,ORDOVICIAN,PORTPATRICK FORMATION AND GLENWHARGEN FORMATION (UNDIFFERENTIATED)
65,28,7.0,57.293122132155055,-7.2245124978415385,1131.3134,1199.0872,33.810966,0.0,UNDIFF,LEWISIAN COMPLEX
166,27,6.75,56.12837419951137,-5.711173125346282,1319.394,1406.4453,15.859314,0.0,NONE,ARGYLL GROUP
188,27,6.75,55.80053144633481,-5.393739101990969,2064.2998,2239.9053,16.299112,0.0,NONE,SOUTHERN HIGHLAND GROUP
83,27,6.75,57.04436982133217,-6.359721675228235,1236.431,1312.7507,23.154398,0.0,PERMIAN,TORRIDON GROUP
8,26,6.5,58.51150446412082,-4.318308197063564,1121.3243,1241.2219,16.670502,0.0,NONE,LEWISIAN COMPLEX
120,26,6.5,56.686589539717495,-3.8422702897912058,1197.9834,1391.017,17.04938,0.0,NONE,ARGYLL GROUP
46,26,6.5,57.460045572324326,-5.84016536422464,1214.907,1301.563,14.658387,0.0,NONE,TORRIDON GROUP
211,25,6.25,55.58175634700538,-4.205382234257671,1097.6559,1190.2014,20.073662,60.0,SILURIAN,LANARK GROUP
409,24,6.0,51.1426131199874,-3.1988711416095916,1163.5167,1281.2139,16.12749,95.83333333333334,DEVONIAN,MIDDLE DEVONIAN (UNDIFFERENTIATED)
165,24,6.0,56.11436324542785,-6.158216193756175,1189.6138,1207.6852,15.453418,0.0,SILURIAN,"UNNAMED METASEDIMENTARY ROCKS, NEOPROTEROZOIC"
70,23,5.75,57.346182436303664,-2.635211126667467,1096.4717,1122.9374,25.640108,0.0,ORDOVICIAN,"UNNAMED IGNEOUS INTRUSION, ORDOVICIAN TO SILURIAN"
190,22,5.5,55.83338731507726,-2.4032335142059114,1191.3231,1375.0804,15.25477,0.0,SILURIAN,GALA GROUP
87,22,5.5,57.067156503001186,-3.2126117365598748,1216.581,1326.7483,15.134528,0.0,SILURIAN,"UNNAMED IGNEOUS INTRUSION, LATE SILURIAN TO EARLY DEVONIAN"
219,21,5.25,55.4690524872943,-2.261410030019453,2179.7217,2649.691,16.342127,0.0,SILURIAN,"UNNAMED EXTRUSIVE ROCKS, SILURIAN TO DEVONIAN"
150,21,5.25,56.36828152227087,-3.625076886122767,1091.0555,1146.8987,14.805905,100.0,DEVONIAN,ARBUTHNOTT-GARVOCK GROUP
224,20,5.0,55.358407414637824,-5.783735460423699,1490.6995,1529.172,15.10795,0.0,CARBONIFEROUS,SOUTHERN HIGHLAND GROUP
105,20,5.0,56.77785434397513,-4.1078048482687155,1258.8187,1463.7429,14.865949,0.0,NONE,GRAMPIAN GROUP
171,20,5.0,56.06430005601588,-5.805669948643104,1308.6292,1379.0348,15.373016,0.0,NONE,ARGYLL GROUP
49,20,5.0,57.46832628275568,-5.3800149421576995,1194.2662,1390.5969,15.685819,0.0,CAMBRIAN,ARDVRECK GROUP
14,20,5.0,58.34661932201749,-3.996716176996401,1162.9099,1204.4958,14.628253,55.00000000000001,DEVONIAN,LOWER OLD RED SANDSTONE
20,20,5.0,58.11071009407907,-3.6750061608438664,1092.0417,1187.9852,15.895032,25.0,SILURIAN,"UNNAMED IGNEOUS INTRUSION, LATE SILURIAN TO EARLY DEVONIAN"
361,19,4.75,52.959491921241366,-2.822560376334543,1195.1182,1357.3193,16.42086,0.0,TRIASSIC,TRIASSIC ROCKS (UNDIFFERENTIATED)
247,18,4.5,54.80091623240979,-7.299345397742373,1095.5626,1157.1931,15.247127,0.0,NONE,ARGYLL GROUP
208,18,4.5,55.60052555075999,-6.251316112187601,1149.8063,1235.3625,15.25337,0.0,NONE,ARGYLL GROUP
360,17,4.25,52.957339469623335,-1.43228328299445,1286.9312,1329.3206,14.444621,0.0,TRIASSIC,TRIASSIC ROCKS (UNDIFFERENTIATED)
97,17,4.25,56.97268860574612,-4.435883697032241,1107.7377,1167.1864,14.965665,0.0,NONE,GRAMPIAN GROUP
274,17,4.25,54.711858378973226,-2.03484515473079,1731.092,1817.3746,16.056555,0.0,CARBONIFEROUS,YOREDALE GROUP
30,17,4.25,57.647377207805754,-4.959122824690488,1173.6738,1210.0061,14.857102,0.0,NONE,MORAR GROUP
218,17,4.25,55.47616177280152,-3.2239247256828367,1480.0374,1576.6415,15.061963,0.0,SILURIAN,CRAWFORD GROUP AND MOFFAT SHALE GROUP (UNDIFFERENTIATED)
6,15,3.75,58.55790041392316,-4.488801249964499,1097.766,1137.2389,14.951939,0.0,NONE,MORAR GROUP
389,15,3.75,52.511879976906286,-2.870788333809723,1375.9567,1450.6274,15.456625,0.0,NONE,"UNNAMED METASEDIMENTARY ROCKS, NEOPROTEROZOIC"
156,15,3.75,56.30602860090775,-3.9696591308037386,1069.6854,1173.8911,15.575648,100.0,DEVONIAN,STRATHMORE GROUP
179,14,3.5,55.87420210263139,-6.142707423123869,1050.6599,1086.5944,15.866575,0.0,NONE,ARGYLL GROUP
323,14,3.5,53.633107534592185,-2.0749268266470815,1420.6804,1488.707,15.591798,0.0,CARBONIFEROUS,PENNINE LOWER COAL MEASURES FORMATION AND SOUTH WALES LOWER COAL MEASURES FORMATION (UNDIFFERENTIATED)
61,14,3.5,57.42467174609338,-3.580616185378865,1228.7592,1309.2594,14.658949,0.0,NONE,GRAMPIAN GROUP
160,14,3.5,56.256882390235525,-3.9870459557827687,1240.6178,1335.5483,17.745033,100.0,DEVONIAN,STRATHMORE GROUP
43,13,3.25,57.50175281006033,-5.640923037503863,1343.0594,1376.8605,14.960556,0.0,NONE,TORRIDON GROUP
347,13,3.25,53.20826019235959,-1.0771797431647654,1053.9741,1108.1868,14.6555805,0.0,TRIASSIC,TRIASSIC ROCKS (UNDIFFERENTIATED)
91,13,3.25,57.03855285417223,-4.23590106973848,1054.8501,1091.4756,14.716762,0.0,NONE,MOINE SUPERGROUP
181,13,3.25,55.88419903723779,-5.420185993580551,1433.7456,1566.2063,14.5941305,0.0,NONE,ARGYLL GROUP
136,13,3.25,56.59545817761182,-4.963439150870234,1316.5376,1351.9412,15.115904,0.0,SILURIAN,APPIN GROUP
236,13,3.25,55.17401415049786,-2.8946551689460165,1445.2885,1481.5784,15.1746,0.0,CARBONIFEROUS,INVERCLYDE GROUP
261,12,3.0,54.81320540583679,-2.3574613198039245,1598.7646,1719.9347,15.989097,0.0,CARBONIFEROUS,YOREDALE GROUP
25,12,3.0,58.05902781376826,-4.194208217181619,1236.4637,1249.2803,14.344452,0.0,SILURIAN,MORAR GROUP
326,11,2.75,53.53123812634617,-1.090114190537169,1042.2506,1087.1674,15.169378,0.0,TRIASSIC,TRIASSIC ROCKS (UNDIFFERENTIATED)
175,11,2.75,55.9771545951189,-5.919127500950259,1033.2168,1057.8545,16.932325,0.0,NONE,ARGYLL GROUP
296,11,2.75,54.5804839862707,-2.455104254601983,1144.3448,1208.3118,16.216408,0.0,PERMIAN,PERMIAN ROCKS (UNDIFFERENTIATED)
215,10,2.5,55.54536806308433,-3.840027992931252,1067.9802,1094.6743,16.995275,0.0,SILURIAN,"UNNAMED EXTRUSIVE ROCKS, SILURIAN TO DEVONIAN"
226,10,2.5,55.3352977275331,-1.8084393909177148,1044.0332,1056.8904,15.245033,0.0,CARBONIFEROUS,BORDER GROUP
268,9,2.25,54.6326910240347,-7.720849533096581,1114.8595,1127.9991,17.367502,0.0,CARBONIFEROUS,ARGYLL GROUP
345,9,2.25,53.220752346879244,-1.0487487925937051,1105.9156,1137.5142,14.734913,0.0,TRIASSIC,TRIASSIC ROCKS (UNDIFFERENTIATED)
33,9,2.25,57.56803737342958,-5.970393043923625,1196.5369,1201.9878,20.175318,0.0,NONE,LEWISIAN COMPLEX
102,9,2.25,56.77972267556021,-4.278329882816503,1283.5948,1322.0247,14.730106,0.0,NONE,GRAMPIAN GROUP
272,8,2.0,54.62607763697924,-6.911426436965675,1042.9487,1084.242,14.8586235,0.0,ORDOVICIAN,"UNNAMED IGNEOUS INTRUSION, ORDOVICIAN TO SILURIAN"
182,8,2.0,55.85865131861733,-6.217433494134147,1117.3677,1221.9153,16.17757,0.0,NONE,ARGYLL GROUP
340,8,2.0,53.23934401401915,-1.881590955947663,1326.6184,1365.5566,19.765041,0.0,CARBONIFEROUS,DINANTIAN ROCKS (UNDIFFERENTIATED)
298,8,2.0,54.4546304849678,-7.178457896104618,1050.9586,1092.5331,16.478765,100.0,DEVONIAN,FINTONA GROUP
21,8,2.0,58.087981555173386,-4.1758414707483205,1329.6215,1358.5151,14.523367,0.0,NONE,MOINE SUPERGROUP
227,7,1.75,55.322881628582174,-1.8327014750003554,1133.9895,1287.3588,14.841929,0.0,CARBONIFEROUS,BORDER GROUP
350,7,1.75,53.18464888674053,-3.9169881894633827,1064.113,1110.4679,16.154118,0.0,ORDOVICIAN,CARADOC ROCKS (UNDIFFERENTIATED)
74,7,1.75,57.26987483651278,-3.5662775771577095,1120.835,1146.0686,14.351906,0.0,NONE,GRAMPIAN GROUP
325,7,1.75,53.53519677679981,-1.1199122408753628,1038.0216,1049.456,14.653695,0.0,TRIASSIC,TRIASSIC ROCKS (UNDIFFERENTIATED)
111,7,1.75,56.707903225213265,-5.998715220932389,1069.2737,1098.9734,14.79823,0.0,PALAEOGENE,"UNNAMED EXTRUSIVE ROCKS, PALAEOGENE"
291,6,1.5,54.60516349945797,-1.9628144623397963,1299.0671,1362.6284,14.754825,0.0,CARBONIFEROUS,YOREDALE GROUP
204,6,1.5,55.73954553559961,-3.4934097388117196,1073.0175,1090.6222,16.886324,0.0,CARBONIFEROUS,INVERCLYDE GROUP
10,6,1.5,58.463935698344265,-4.430143097683401,1093.1044,1094.0326,14.312898,0.0,NONE,LEWISIAN COMPLEX
344,6,1.5,53.224804464558616,-1.5795677167747362,1125.0033,1130.4994,16.192617,0.0,CARBONIFEROUS,PENNINE LOWER COAL MEASURES FORMATION AND SOUTH WALES LOWER COAL MEASURES FORMATION (UNDIFFERENTIATED)
155,6,1.5,56.30641362350202,-4.757545094565223,1097.0156,1158.7039,14.623883,0.0,SILURIAN,SOUTHERN HIGHLAND GROUP
112,6,1.5,56.6911679603404,-5.375065094947686,1259.3326,1320.3768,15.02358,0.0,NONE,LOCH EIL GROUP
193,6,1.5,55.769489587899955,-5.5407852578001355,1120.7831,1152.6166,14.222108,0.0,NONE,ARGYLL GROUP
128,5,1.25,56.64083112287356,-4.918938518472785,1258.4082,1296.0983,14.871959,0.0,SILURIAN,"UNNAMED EXTRUSIVE ROCKS, SILURIAN TO DEVONIAN"
223,5,1.25,55.44838399145808,-2.262402103609448,2111.516,2219.0764,15.259845,0.0,SILURIAN,"UNNAMED EXTRUSIVE ROCKS, SILURIAN TO DEVONIAN"
317,5,1.25,53.853508350910225,-2.0729324298028518,1141.9102,1213.5879,14.72072,0.0,CARBONIFEROUS,MILLSTONE GRIT GROUP [SEE ALSO MIGR]
329,5,1.25,53.405025996865355,-1.1982398039289526,1365.6453,1378.953,14.22077,0.0,PERMIAN,ZECHSTEIN GROUP
324,5,1.25,53.625571100508566,-2.591150838593374,1204.7501,1221.714,14.644628,0.0,CARBONIFEROUS,PENNINE LOWER COAL MEASURES FORMATION AND SOUTH WALES LOWER COAL MEASURES FORMATION (UNDIFFERENTIATED)
278,5,1.25,54.511883487854426,-8.030357909177482,1038.801,1043.3616,14.774618,0.0,NONE,MOINE SUPERGROUP
133,5,1.25,56.60210617275637,-5.51244442896754,1563.4773,1623.0538,14.728656,0.0,SILURIAN,"UNNAMED IGNEOUS INTRUSION, LATE SILURIAN TO EARLY DEVONIAN"
147,5,1.25,56.43246284376994,-4.94998697743562,1111.8865,1126.9283,18.201904,0.0,NONE,ARGYLL GROUP
96,4,1.0,56.98127670762972,-4.580946741170317,1113.6375,1121.9539,14.392922,0.0,NONE,GRAMPIAN GROUP
55,4,1.0,57.4815818414252,-3.319184853959591,1678.1584,1710.3981,14.269392,0.0,NONE,GRAMPIAN GROUP
271,4,1.0,54.638327800527875,-6.941991364187992,1051.3448,1063.2506,16.621693,0.0,ORDOVICIAN,"UNNAMED IGNEOUS INTRUSION, ORDOVICIAN TO SILURIAN"
132,4,1.0,56.62377338103387,-4.898869865163615,1192.8934,1213.2811,14.490133,0.0,SILURIAN,"UNNAMED IGNEOUS INTRUSION, LATE SILURIAN TO EARLY DEVONIAN"
283,4,1.0,54.53203091877057,-6.983261991513885,1035.8773,1045.9152,20.018692,100.0,DEVONIAN,FINTONA GROUP
401,4,1.0,51.765207243015865,-3.53018242090596,1059.3029,1093.684,19.247023,0.0,CARBONIFEROUS,DINANTIAN ROCKS (UNDIFFERENTIATED)
47,4,1.0,57.525359878300364,-3.320765952881696,1262.9364,1269.1963,14.576222,0.0,NONE,GRAMPIAN GROUP
37,4,1.0,57.5302759425297,-5.6410377509704706,1238.1194,1239.9946,15.336367,0.0,NONE,LEWISIAN COMPLEX
203,4,1.0,55.72892776609207,-4.822197667928215,1059.0842,1096.3164,14.923276,0.0,CARBONIFEROUS,"UNNAMED IGNEOUS INTRUSION, CARBONIFEROUS TO PERMIAN"
320,4,1.0,53.74288202766255,-1.2869683294874463,1030.6094,1034.4255,15.004317,0.0,PERMIAN,ZECHSTEIN GROUP
243,4,1.0,54.85212868432275,-7.207943106966912,1060.4435,1074.0656,16.148497,0.0,NONE,ARGYLL GROUP
229,4,1.0,55.30976699922699,-1.8676395269985697,1195.2715,1211.7334,14.479257,0.0,CARBONIFEROUS,BORDER GROUP
158,4,1.0,56.25887977721625,-5.61416980709169,1105.3098,1106.8586,14.545949,0.0,NONE,ARGYLL GROUP
185,4,1.0,55.89393154688895,-4.100392002727861,1048.0944,1074.3988,19.452572,0.0,CARBONIFEROUS,CLACKMANNAN GROUP
124,4,1.0,56.670386794354414,-4.620853228509638,1036.3757,1037.326,20.687157,0.0,SILURIAN,"UNNAMED IGNEOUS INTRUSION, LATE SILURIAN TO EARLY DEVONIAN"
72,4,1.0,57.27707162476066,-3.6187141388268307,1279.7289,1302.5294,14.2183485,0.0,NONE,GRAMPIAN GROUP
56,4,1.0,57.46977071110064,-3.737697617902132,1075.1079,1076.8077,14.2874155,0.0,ORDOVICIAN,"UNNAMED IGNEOUS INTRUSION, ORDOVICIAN TO SILURIAN"
197,3,0.75,55.76039346939887,-4.756054128001028,1110.7482,1128.615,14.458828,0.0,CARBONIFEROUS,"UNNAMED EXTRUSIVE ROCKS, DINANTIAN"
192,3,0.75,55.76054025053014,-6.438451907943918,1027.1368,1029.2004,19.304504,0.0,NONE,"UNNAMED IGNEOUS INTRUSION, PALAEOPROTEROZOIC"
48,3,0.75,57.471509515590476,-5.4120115323322215,1108.2848,1152.6307,14.546463,0.0,NONE,TORRIDON GROUP
19,3,0.75,58.1378278265388,-3.6038095598163626,1149.9374,1150.4204,14.535237,0.0,SILURIAN,"UNNAMED IGNEOUS INTRUSION, LATE SILURIAN TO EARLY DEVONIAN"
52,3,0.75,57.44371166654796,-5.806810235683876,1182.3966,1183.068,14.208255,0.0,TRIASSIC,LIAS GROUP
373,3,0.75,52.862502771195516,-2.338117205200721,1047.6685,1057.7684,16.7107,0.0,TRIASSIC,TRIASSIC ROCKS (UNDIFFERENTIATED)
101,3,0.75,56.77976926542894,-5.283407305697971,1082.671,1102.5612,14.4318695,0.0,NONE,LOCH EIL GROUP
259,3,0.75,54.844722891326136,-1.8535905868484477,1211.1088,1240.0002,14.571777,0.0,CARBONIFEROUS,PENNINE LOWER COAL MEASURES FORMATION AND SOUTH WALES LOWER COAL MEASURES FORMATION (UNDIFFERENTIATED)
222,3,0.75,55.421831640215395,-4.687629534214726,1045.3009,1055.1677,15.047765,0.0,SILURIAN,"UNNAMED EXTRUSIVE ROCKS, SILURIAN TO DEVONIAN"
129,3,0.75,56.64094550978649,-4.836298186128462,1042.6873,1068.4958,15.409787,0.0,SILURIAN,"UNNAMED IGNEOUS INTRUSION, LATE SILURIAN TO EARLY DEVONIAN"
76,3,0.75,57.17917809889883,-5.881624837899195,1420.0405,1422.9159,15.829109,0.0,NONE,TORRIDON GROUP
69,3,0.75,57.34447766333097,-3.701999228512362,1314.7244,1361.2772,14.390002,0.0,NONE,MOINE SUPERGROUP
138,3,0.75,56.52862023307375,-5.204694548277423,1053.3428,1077.6761,15.647382,0.0,SILURIAN,"UNNAMED IGNEOUS INTRUSION, LATE SILURIAN TO EARLY DEVONIAN"
336,3,0.75,53.347668649580676,-1.0576105484131253,1025.9427,1026.1025,16.114832,0.0,TRIASSIC,TRIASSIC ROCKS (UNDIFFERENTIATED)
